{"Training Loss": 0.25530011113733053, "Epoch": 4, "_timestamp": 1712055390.8153958, "_runtime": 371.08132672309875, "_step": 7, "Average PSNR": 38.86919987996419}